Category,Item
1.Autonomy,Child smiles or laughs during the episode. 
1.Autonomy,Child attempts to make eye contact with caregiver. 
1.Autonomy,Child initiates interaction with caregiver spontaneously. 
1.Autonomy,Child attempts to elicit caregiver's response. 
2.Responsiveness to Caregiver,Child displays strong reaction during the interaction. 
2.Responsiveness to Caregiver,Child gazes at caregiver's face or task materials after caregiver's non-verbal behaviours. 
2.Responsiveness to Caregiver,Child looks at caregiver's face or eyes when caregiver attempts eye contact. 
3.Empathy,"Child gives or shows or points to task material to share emotion with caregiver." 
3.Empathy,Child looks at caregiver's face to gather information/gain understanding. 
3.Empathy,"Child behaves within five seconds in accord with caregiver's gestures, touch, or expression changes." 
4.Motor Self-Regulation,Child widens eyes or shows postural attention to task situation. 
4.Motor Self-Regulation,Child becomes appropriately active in response to task situation. 
4.Motor Self-Regulation,child's movements are clearly directed toward/away from the task/material. 
4.Motor Self-Regulation,Child makes clearly recognisable hand motions toward task materials (≥60% of the time). 
4.Motor Self-Regulation,Child is neither restless nor overactive. 
5.Emotional Self-Regulation,Child stops displaying distress cues without caregiver's response. 
5.Emotional Self-Regulation,Child stops displaying distress cues without caregiver's soothing attempts. 
5.Emotional Self-Regulation,Child stops displaying distress cues within 15 sec after caregiver's soothing attempts. 
5.Emotional Self-Regulation,Child asks caregiver for help or consolation. 
5.Emotional Self-Regulation,Child is not startled by caregiver's movements or facial expression changes. 
6.Respect for child's Autonomy (Caregiver),Caregiver allows exploration for ≥5 sec before giving first task instruction. 
6.Respect for child's Autonomy (Caregiver),Caregiver pauses when child initiates behaviours. 
6.Respect for child's Autonomy (Caregiver),Caregiver asks for no more than three repetitions when child succeeds. 
6.Respect for child's Autonomy (Caregiver),Caregiver does not physically force child to complete task. 
6.Respect for child's Autonomy (Caregiver),Caregiver halts the episode when child is distressed. 
6.Respect for child's Autonomy (Caregiver),After instructions; caregiver allows ≥5 sec for child to attempt before intervening. 
6.Respect for child's Autonomy (Caregiver),Caregiver allows non-task manipulation of materials after initial presentation. 
6.Respect for child's Autonomy (Caregiver),Caregiver encourages/allows child to perform task at least once before intervening. 
7.Respect for child's Responsiveness (Caregiver),Caregiver positions child to safely support them. 
7.Respect for child's Responsiveness (Caregiver),Caregiver provides an environment free of distractions. 
7.Respect for child's Responsiveness (Caregiver),Caregiver positions child to reach and manipulate materials. 
7.Respect for child's Responsiveness (Caregiver),Caregiver seeks child's attention before beginning the task. 
7.Respect for child's Responsiveness (Caregiver),Caregiver gives instructions only when child is attentive (≥90%). 
7.Respect for child's Responsiveness (Caregiver),Caregiver positions child so eye contact is possible (≥60%). 
7.Respect for child's Responsiveness (Caregiver),Caregiver adjusts child's/materials' position after unsuccessful attempts. 
7.Respect for child's Responsiveness (Caregiver),Caregiver keeps child in visual range. 
7.Respect for child's Responsiveness (Caregiver),Caregiver stays close and pays good attention. 
8.Respect for child's Empathy (Caregiver),Caregiver praises child's efforts at least once.
8.Respect for child's Empathy (Caregiver),"Caregiver uses soothing non-verbal responses (pat, touch, rock, kiss, etc.)." 
8.Respect for child's Empathy (Caregiver),Caregiver diverts child by playing games or introducing new toy. 
8.Respect for child's Empathy (Caregiver),Caregiver smiles and/or nods at the child. 
9.Respect for Cognitive Development (Caregiver),Caregiver focuses own and child's attention on task ≥60%. 
9.Respect for Cognitive Development (Caregiver),Caregiver's instructions are clear and unambiguous. 
9.Respect for Cognitive Development (Caregiver),"Caregiver uses teaching loops (alert, instruction, performance, feedback)." 
9.Respect for Cognitive Development (Caregiver),Length of instruction is age appropriate. 
10.Respect for social-Emotional Development (Caregiver),Caregiver does not yell at child. 
10.Respect for social-Emotional Development (Caregiver),Caregiver does not use abrupt or rough handling. 
10.Respect for social-Emotional Development (Caregiver),"Caregiver does not slap, hit, or spank." 
10.Respect for social-Emotional Development (Caregiver),Caregiver's posture is relaxed ≥50% of the time. 
10.Respect for social-Emotional Development (Caregiver),Caregiver places self face-to-face with child ≥50% when talking.
10.Respect for social-Emotional Development (Caregiver),Caregiver behaves affectionately.