Category,#,Item
1. 主体性－子ども,1,課題道具を見ながら養育者に向かって発声、もしくは発話をする。
1. 主体性－子ども,2,課題遂行中にほほえむ、笑う。
1. 主体性－子ども,3,子どもが養育者と自発的に目を合わせようとする。
1. 主体性－子ども,4,養育者に対する自己主張がみられる。
1. 主体性－子ども,5,養育者からの応答を主体的にひきだそうとする。
2. 応答性－子ども,1,話の最中に明らかな反応を示す。
2. 応答性－子ども,2,養育者が非言語的な行動を示した時、養育者や道具を見る。
2. 応答性－子ども,3,養育者が目と目でコンタクトをとろうとした時、子どもが見返す。
2. 応答性－子ども,4,養育者の発話後５秒以内に子どもが発声、もしくは発話をする。
2. 応答性－子ども,5,養育者の態度や接触、表情の変化などの後５秒以内に子どもが発声、もしくは発話をする。
3. 共感性―子ども,1,養育者に視線を向けて、要求ではなく共感を求めて課題道具を見せる、渡す、指さす。
3. 共感性―子ども,2,養育者に視線を向けて参照視する。
3. 共感性―子ども,3,養育者の発話後５秒以内にその様子に対応した発声または動きがある(50%以上)。
3. 共感性―子ども,4,養育者の発話後５秒以内に子どもがほほえむ。
3. 共感性―子ども,5,養育者の態度や接触、表情の変化の後５秒以内にその様子に対応した動きがある(50%以上)。
4. 運動制御－子ども,1,課題場面で目を見開き、注意を向ける。
4. 運動制御－子ども,2,提示された課題に反応して、動きに変化がある。
4. 運動制御－子ども,3,課題、またはそれ以外のものに子どもが明らかに動きを示す。
4. 運動制御－子ども,4,課題遂行中に明らかに課題道具に向けて手を動かす（60%）。
4. 運動制御－子ども,5,不自然な動きがない。
5. 感情制御－子ども,1,養育者が応答しなくても、自分で気持ちの切り替えをし、立ち直る。
5. 感情制御－子ども,2,なだめられなくても、自分で気持ちの切り替えをし、立ち直る。
5. 感情制御－子ども,3,子どもは養育者がなだめて 15 秒以内に立ち直る。
5. 感情制御－子ども,4,養育者に助けやなぐさめを求める。
5. 感情制御－子ども,5,養育者が表情や動きを変えた時、過敏な反応をしない。
6. 主体性発達への配慮－養育者,1,養育者は課題導入時に、少なくとも５秒間、子どもに道具をさわらせる。
6. 主体性発達への配慮－養育者,2,養育者は説明している時、子どもが課題を始めようとしたら黙る。
6. 主体性発達への配慮－養育者,3,子どもが成功した時、１回につき４回以上させようとしない。
6. 主体性発達への配慮－養育者,4,子どもが課題を完成するように手を出さない。
6. 主体性発達への配慮－養育者,5,養育者は子どものいらだちに対し、課題を一度、中断する。
6. 主体性発達への配慮－養育者,6,養育者は教えた後、子どもに対し手を出す前に少なくとも 5 秒は待つ。
6. 主体性発達への配慮－養育者,7,養育者は課題と関係なく、子どもが道具にさわるのを許す。
6. 主体性発達への配慮－養育者,8,子どもの課題遂行に対し、批判的でない。
6. 主体性発達への配慮－養育者,9,子どもの課題遂行を中断させる前に１度はやらせてみる。
7. 応答性への配慮－養育者,1,養育者は子どもが安全な姿勢をとるようにする。
7. 応答性への配慮－養育者,2,養育者は、子どもの手が動かせるように、周囲の状況をうまく整える。
7. 応答性への配慮－養育者,3,養育者は子どもがものに手を出しやすい姿勢をとるようにする。
7. 応答性への配慮－養育者,4,養育者は教える前にまず子どもの注意をひく。
7. 応答性への配慮－養育者,5,養育者は子どもが養育者に注目している時のみ導く（90％以上）。
7. 応答性への配慮－養育者,6,養育者は子どもと目が合う位置にいる（60％以上）。
7. 応答性への配慮－養育者,7,子どもが課題をうまく遂行できない時、子どもあるいは道具の位置を変える。
7. 応答性への配慮－養育者,8,子どもが自分の視野の範囲に入るような姿勢をとる。
7. 応答性への配慮－養育者,9,よそみをしたり離れたりせず、子どもに対して無関心な様子がない。
8. 共感性への配慮－養育者,1,養育者は課題遂行中、１度は子どもの努力、行動、成功などをほめる。
8. 共感性への配慮－養育者,2,肯定的な対応、思いやり、なだめる、言葉かけなどの行動をとる。
8. 共感性への配慮－養育者,3,養育者は子どものほほえみ、発声から５秒以内に応答する(90％以上)。
8. 共感性への配慮－養育者,4,動作による反応（軽くたたく、さわる、ゆらす、抱く、キスなどをする）。
8. 共感性への配慮－養育者,5,養育者は、子どものいらだちに対し、ゲームや新しい道具などで子どもの気をそらす。
8. 共感性への配慮－養育者,6,養育者は子どもと同時に発話しない。
8. 共感性への配慮－養育者,7,子どもの課題遂行の状況に応じて、言葉でほめる。
8. 共感性への配慮－養育者,8,子どもの課題遂行の状況に応じて、うなずく、あるいはほほえむ（動作で表す）。
8. 共感性への配慮－養育者,9,子どもの話しかけに対しやさしい言葉で応答する(90%以上)。
9. 認知発達への配慮－養育者,1,養育者は、子どもが課題遂行に注意を集中できるようにする（60％以上）。
9. 認知発達への配慮－養育者,2,養育者は子どもに道具の属性を説明する。
9. 認知発達への配慮－養育者,3,説明するのに少なくとも 2 種類の違うフレーズを用いる。
9. 認知発達への配慮－養育者,4,養育者は、権威的ではなく、説明的な態度を多くとる。
9. 認知発達への配慮－養育者,5,養育者の指示は明確で具体的である。
9. 認知発達への配慮－養育者,6,言葉による説明と視覚的な提示を行う。
9. 認知発達への配慮－養育者,7,子どもの注意を向けさせてから教え、遂行し、フィードバックする。
9. 認知発達への配慮－養育者,8,完成の合図をする。
9. 認知発達への配慮－養育者,9,養育者は子どもの状態に見合った時間を課題遂行にかける。
10. 社会情緒発達への配慮－養育者,1,子どもに対して、否定的な言葉や強い口調を用いない。
10. 社会情緒発達への配慮－養育者,2,どならない。
10. 社会情緒発達への配慮－養育者,3,子どもに対して乱暴な態度、もしくは扱いをしない。
10. 社会情緒発達への配慮－養育者,4,たたかない。
10. 社会情緒発達への配慮－養育者,5,観察者に対し、子どもの悪口を言わない。
10. 社会情緒発達への配慮－養育者,6,養育者は課題遂行中、緊張していない（50％以上）。
10. 社会情緒発達への配慮－養育者,7,養育者は子どもに話かける時、向かい合う位置に 50％以上いる。
10. 社会情緒発達への配慮－養育者,8,養育者は愛情のこもった態度をとる。
10. 社会情緒発達への配慮－養育者,9,課題遂行中、養育者は子どもに、建設的な勇気づける言葉をかける。
